student_id,year,map_term,subject,rit_score,percentile,quartile,typical_fall_to_spring_growth
10006,2017,Fall,Reading,221,98,4,5
10009,2017,Fall,Reading,209,98,4,4
10035,2017,Fall,Reading,148,21,1,21
10053,2017,Fall,Reading,193,20,1,8
10074,2017,Fall,Reading,185,18,1,10
10077,2017,Fall,Reading,223,69,3,2
10120,2017,Fall,Reading,211,48,2,4
10128,2017,Fall,Reading,183,97,4,13
10148,2017,Fall,Reading,177,49,2,11
10150,2017,Fall,Reading,166,21,1,13
10153,2017,Fall,Reading,148,70,3,16
10156,2017,Fall,Reading,221,93,4,4
10158,2017,Fall,Reading,198,92,4,7
10194,2017,Fall,Reading,210,29,2,4
10209,2017,Fall,Reading,190,53,3,10
10213,2017,Fall,Reading,206,69,3,6
10230,2017,Fall,Reading,204,84,4,8
10235,2017,Fall,Reading,180,57,3,10
10241,2017,Fall,Reading,161,59,3,18
10250,2017,Fall,Reading,200,12,1,6
10312,2017,Fall,Reading,181,60,3,10
10335,2017,Fall,Reading,167,76,4,17
10355,2017,Fall,Reading,145,62,3,16
10360,2017,Fall,Reading,150,26,2,21
10382,2017,Fall,Reading,223,63,3,2
10406,2017,Fall,Reading,201,56,3,7
10423,2017,Fall,Reading,223,69,3,2
10434,2017,Fall,Reading,197,99,4,10
10442,2017,Fall,Reading,184,38,2,11
10443,2017,Fall,Reading,135,33,2,18
10458,2017,Fall,Reading,163,16,1,14
10475,2017,Fall,Reading,151,29,2,20
10537,2017,Fall,Reading,177,93,4,15
10540,2017,Fall,Reading,195,24,1,8
10555,2017,Fall,Reading,185,98,4,13
10559,2017,Fall,Reading,183,65,3,10
10566,2017,Fall,Reading,225,99,4,4
10574,2017,Fall,Reading,170,82,4,16
10586,2017,Fall,Reading,165,70,3,17
10600,2017,Fall,Reading,222,66,3,3
10638,2017,Fall,Reading,213,43,2,4
10642,2017,Fall,Reading,146,17,1,22
10652,2017,Fall,Reading,202,17,1,6
10658,2017,Fall,Reading,182,33,2,12
10671,2017,Fall,Reading,189,3,1,7
10672,2017,Fall,Reading,210,29,2,4
10696,2017,Fall,Reading,206,51,3,6
10700,2017,Fall,Reading,203,83,4,8
10713,2017,Fall,Reading,209,32,2,5
10720,2017,Fall,Reading,153,81,4,14
10763,2017,Fall,Reading,196,68,3,9
10786,2017,Fall,Reading,211,48,2,4
10804,2017,Fall,Reading,170,3,1,12
10819,2017,Fall,Reading,126,13,1,20
10823,2017,Fall,Reading,127,1,1,26
10851,2017,Fall,Reading,204,30,2,6
10858,2017,Fall,Reading,226,83,4,2
10871,2017,Fall,Reading,169,80,4,16
10920,2017,Fall,Reading,196,14,1,7
10931,2017,Fall,Reading,185,98,4,13
10939,2017,Fall,Reading,206,87,4,7
10981,2017,Fall,Reading,135,33,2,18
11013,2017,Fall,Reading,189,3,1,8
11056,2017,Fall,Reading,211,93,4,7
11103,2017,Fall,Reading,180,57,3,10
11148,2017,Fall,Reading,146,64,3,16
11151,2017,Fall,Reading,212,81,4,5
11167,2017,Fall,Reading,174,17,1,13
11169,2017,Fall,Reading,201,79,4,8
11176,2017,Fall,Reading,161,59,3,18
11180,2017,Fall,Reading,205,32,2,5
11196,2017,Fall,Reading,185,40,2,11
11213,2017,Fall,Reading,211,32,2,4
11286,2017,Fall,Reading,156,43,2,19
11298,2017,Fall,Reading,205,97,4,5
11302,2017,Fall,Reading,208,30,2,5
11316,2017,Fall,Reading,222,66,3,3
11318,2017,Fall,Reading,228,97,4,3
11320,2017,Fall,Reading,199,51,3,7
11333,2017,Fall,Reading,161,59,3,18
11346,2017,Fall,Reading,167,8,1,14
11366,2017,Fall,Reading,202,17,1,6
11369,2017,Fall,Reading,142,53,3,17
11378,2017,Fall,Reading,193,86,4,8
11380,2017,Fall,Reading,225,99,4,4
11387,2017,Fall,Reading,160,56,3,18
11408,2017,Fall,Reading,163,95,4,12
11409,2017,Fall,Reading,208,40,2,5
11412,2017,Fall,Reading,136,35,2,18
11452,2017,Fall,Reading,136,35,2,18
11457,2017,Fall,Reading,176,20,1,13
11465,2017,Fall,Reading,153,34,2,20
11472,2017,Fall,Reading,169,3,1,13
11473,2017,Fall,Reading,194,64,3,9
11512,2017,Fall,Reading,206,35,2,5
11519,2017,Fall,Reading,168,78,4,17
11538,2017,Fall,Reading,205,97,4,5
11578,2017,Fall,Reading,220,92,4,4
11595,2017,Fall,Reading,126,13,1,20
11608,2017,Fall,Reading,147,67,3,16
11635,2017,Fall,Reading,148,70,3,16
11649,2017,Fall,Reading,141,50,3,17
11661,2017,Fall,Reading,198,48,2,8
11666,2017,Fall,Reading,140,47,2,17
11702,2017,Fall,Reading,189,26,2,9
11710,2017,Fall,Reading,164,5,1,15
11737,2017,Fall,Reading,151,77,4,15
11768,2017,Fall,Reading,201,79,4,8
11784,2017,Fall,Reading,160,56,3,18
11824,2017,Fall,Reading,136,35,2,18
11853,2017,Fall,Reading,150,75,4,15
11885,2017,Fall,Reading,201,38,2,7
11927,2017,Fall,Reading,178,51,3,11
11928,2017,Fall,Reading,194,22,1,8
11946,2017,Fall,Reading,172,35,2,12
11949,2017,Fall,Reading,213,69,3,5
11975,2017,Fall,Reading,179,26,2,12
11987,2017,Fall,Reading,175,43,2,11
12003,2017,Fall,Reading,174,40,2,12
12008,2017,Fall,Reading,188,99,4,12
12017,2017,Fall,Reading,178,1,1,10
12023,2017,Fall,Reading,236,99,4,2
12036,2017,Fall,Reading,203,28,2,6
12073,2017,Fall,Reading,114,2,1,23
12094,2017,Fall,Reading,164,68,3,18
12101,2017,Fall,Reading,171,33,2,12
12127,2017,Fall,Reading,132,25,2,19
12142,2017,Fall,Reading,216,51,3,4
12148,2017,Fall,Reading,185,18,1,10
12151,2017,Fall,Reading,152,79,4,15
12153,2017,Fall,Reading,200,77,4,8
12181,2017,Fall,Reading,181,2,1,10
12200,2017,Fall,Reading,176,46,2,11
12207,2017,Fall,Reading,144,59,3,16
12220,2017,Fall,Reading,210,45,2,4
12230,2017,Fall,Reading,180,5,1,10
12235,2017,Fall,Reading,186,4,1,9
12236,2017,Fall,Reading,189,51,3,10
12248,2017,Fall,Reading,195,89,4,7
12260,2017,Fall,Reading,227,85,4,2
12291,2017,Fall,Reading,133,28,2,19
12317,2017,Fall,Reading,200,12,1,6
12321,2017,Fall,Reading,188,3,1,8
12339,2017,Fall,Reading,177,22,1,12
12349,2017,Fall,Reading,200,94,4,6
12356,2017,Fall,Reading,190,81,4,8
12359,2017,Fall,Reading,120,6,1,22
12366,2017,Fall,Reading,157,88,4,14
12367,2017,Fall,Reading,171,84,4,16
12376,2017,Fall,Reading,167,8,1,14
12396,2017,Fall,Reading,140,47,2,17
12399,2017,Fall,Reading,213,37,2,4
12406,2017,Fall,Reading,198,18,1,7
12440,2017,Fall,Reading,173,88,4,16
12472,2017,Fall,Reading,206,87,4,7
12473,2017,Fall,Reading,130,21,1,20
12522,2017,Fall,Reading,165,19,1,14
12526,2017,Fall,Reading,197,91,4,7
12528,2017,Fall,Reading,152,32,2,20
12531,2017,Fall,Reading,130,21,1,20
12535,2017,Fall,Reading,175,18,1,13
12548,2017,Fall,Reading,197,28,2,7
12562,2017,Fall,Reading,148,21,1,21
12564,2017,Fall,Reading,202,14,1,5
12575,2017,Fall,Reading,193,36,2,8
12590,2017,Fall,Reading,140,47,2,17
12610,2017,Fall,Reading,177,49,2,11
12611,2017,Fall,Reading,145,15,1,22
12624,2017,Fall,Reading,159,91,4,13
12663,2017,Fall,Reading,116,3,1,23
12666,2017,Fall,Reading,222,76,4,2
12670,2017,Fall,Reading,198,73,3,9
12711,2017,Fall,Reading,186,43,2,11
12722,2017,Fall,Reading,161,13,1,14
12727,2017,Fall,Reading,187,74,3,9
12739,2017,Fall,Reading,176,20,1,13
12762,2017,Fall,Reading,201,16,1,6
12786,2017,Fall,Reading,137,38,2,18
12795,2017,Fall,Reading,206,69,3,6
12815,2017,Fall,Reading,183,65,3,10
12841,2017,Fall,Reading,215,86,4,5
12859,2017,Fall,Reading,199,19,1,7
12868,2017,Fall,Reading,187,74,3,9
12877,2017,Fall,Reading,159,53,3,19
12884,2017,Fall,Reading,148,70,3,16
12890,2017,Fall,Reading,159,3,1,15
12892,2017,Fall,Reading,151,29,2,20
12915,2017,Fall,Reading,147,67,3,16
12977,2017,Fall,Reading,185,70,3,9
12987,2017,Fall,Reading,190,53,3,10
13016,2017,Fall,Reading,162,94,4,12
13023,2017,Fall,Reading,216,44,2,3
13051,2017,Fall,Reading,151,29,2,20
13054,2017,Fall,Reading,115,3,1,23
13055,2017,Fall,Reading,193,86,4,8
13071,2017,Fall,Reading,194,64,3,9
13106,2017,Fall,Reading,211,37,2,4
13122,2017,Fall,Reading,185,40,2,11
13146,2017,Fall,Reading,144,59,3,16
13151,2017,Fall,Reading,222,86,4,4
13193,2017,Fall,Reading,169,80,4,16
13200,2017,Fall,Reading,164,68,3,18
13239,2017,Fall,Reading,211,64,3,5
13240,2017,Fall,Reading,195,89,4,7
13255,2017,Fall,Reading,184,17,1,10
13266,2017,Fall,Reading,196,90,4,7
13296,2017,Fall,Reading,202,81,4,8
13305,2017,Fall,Reading,166,7,1,14
13404,2017,Fall,Reading,206,87,4,7
13421,2017,Fall,Reading,199,33,2,7
13437,2017,Fall,Reading,189,79,4,9
13439,2017,Fall,Reading,214,45,2,4
13443,2017,Fall,Reading,160,92,4,13
13460,2017,Fall,Reading,140,47,2,17
13465,2017,Fall,Reading,184,67,3,10
13480,2017,Fall,Reading,196,68,3,9
13530,2017,Fall,Reading,150,26,2,21
13549,2017,Fall,Reading,170,30,2,13
13557,2017,Fall,Reading,139,44,2,18
13558,2017,Fall,Reading,186,43,2,11
13560,2017,Fall,Reading,201,95,4,6
13566,2017,Fall,Reading,222,60,3,2
13638,2017,Fall,Reading,160,56,3,18
13643,2017,Fall,Reading,184,67,3,10
13664,2017,Fall,Reading,171,12,1,13
13672,2017,Fall,Reading,192,18,1,8
13676,2017,Fall,Reading,205,32,2,5
13680,2017,Fall,Reading,196,9,1,7
13709,2017,Fall,Reading,169,28,2,13
13712,2017,Fall,Reading,206,69,3,6
13718,2017,Fall,Reading,145,62,3,16
13722,2017,Fall,Reading,209,99,4,5
13750,2017,Fall,Reading,199,93,4,7
13773,2017,Fall,Reading,178,24,1,12
13777,2017,Fall,Reading,132,25,2,19
13798,2017,Fall,Reading,188,48,2,10
13811,2017,Fall,Reading,191,82,4,8
13816,2017,Fall,Reading,216,51,3,4
13830,2017,Fall,Reading,181,31,2,12
13834,2017,Fall,Reading,238,91,4,2
13887,2017,Fall,Reading,174,89,4,15
13912,2017,Fall,Reading,225,74,3,2
13924,2017,Fall,Reading,180,57,3,10
13930,2017,Fall,Reading,181,31,2,12
13939,2017,Fall,Reading,222,86,4,4
13984,2017,Fall,Reading,224,65,3,2
13989,2017,Fall,Reading,179,54,3,11
14010,2017,Fall,Reading,154,83,4,14
14041,2017,Fall,Reading,205,48,2,6
14045,2017,Fall,Reading,126,13,1,20
14046,2017,Fall,Reading,205,66,3,7
14070,2017,Fall,Reading,184,67,3,10
14084,2017,Fall,Reading,175,43,2,11
14101,2017,Fall,Reading,199,93,4,7
14107,2017,Fall,Reading,172,14,1,13
14118,2017,Fall,Reading,203,83,4,8
14139,2017,Fall,Reading,135,33,2,18
14163,2017,Fall,Reading,137,38,2,18
14173,2017,Fall,Reading,199,51,3,7
14178,2017,Fall,Reading,141,50,3,17
14179,2017,Fall,Reading,166,21,1,13
14203,2017,Fall,Reading,165,96,4,12
14208,2017,Fall,Reading,212,66,3,5
14214,2017,Fall,Reading,203,61,3,7
14217,2017,Fall,Reading,195,89,4,7
14224,2017,Fall,Reading,204,97,4,6
14236,2017,Fall,Reading,137,38,2,18
14269,2017,Fall,Reading,214,45,2,4
14282,2017,Fall,Reading,127,15,1,20
14293,2017,Fall,Reading,174,89,4,15
14313,2017,Fall,Reading,133,28,2,19
14331,2017,Fall,Reading,174,17,1,13
14335,2017,Fall,Reading,142,53,3,17
14363,2017,Fall,Reading,219,59,3,3
14378,2017,Fall,Reading,185,70,3,9
14386,2017,Fall,Reading,195,13,1,7
14395,2017,Fall,Reading,222,60,3,2
14398,2017,Fall,Reading,213,83,4,5
14407,2017,Fall,Reading,151,29,2,20
14419,2017,Fall,Reading,195,66,3,9
14447,2017,Fall,Reading,172,35,2,12
14466,2017,Fall,Reading,175,43,2,11
14487,2017,Fall,Reading,171,84,4,16
14488,2017,Fall,Reading,209,32,2,5
14492,2017,Fall,Reading,146,64,3,16
14499,2017,Fall,Reading,129,19,1,20
14547,2017,Fall,Reading,181,1,1,8
14598,2017,Fall,Reading,156,43,2,19
14606,2017,Fall,Reading,185,40,2,11
14613,2017,Fall,Reading,150,75,4,15
14617,2017,Fall,Reading,199,93,4,7
14635,2017,Fall,Reading,211,48,2,4
14639,2017,Fall,Reading,140,47,2,17
14719,2017,Fall,Reading,160,56,3,18
14737,2017,Fall,Reading,192,33,2,9
14749,2017,Fall,Reading,180,57,3,10
14829,2017,Fall,Reading,137,38,2,18
14842,2017,Fall,Reading,167,76,4,17
14892,2017,Fall,Reading,193,99,4,11
14900,2017,Fall,Reading,185,70,3,9
14902,2017,Fall,Reading,190,53,3,10
14910,2017,Fall,Reading,216,61,3,3
14931,2017,Fall,Reading,212,40,2,4
14954,2017,Fall,Reading,197,71,3,9
14975,2017,Fall,Reading,192,18,1,8
14981,2017,Fall,Reading,226,76,4,2
15027,2017,Fall,Reading,187,74,3,9
15050,2017,Fall,Reading,196,68,3,9
15055,2017,Fall,Reading,195,13,1,7
15072,2017,Fall,Reading,180,28,2,12
15094,2017,Fall,Reading,202,40,2,7
15104,2017,Fall,Reading,161,59,3,18
15193,2017,Fall,Reading,199,75,4,9
15208,2017,Fall,Reading,190,53,3,10
15239,2017,Fall,Reading,207,28,2,5
15243,2017,Fall,Reading,216,88,4,5
15250,2017,Fall,Reading,194,87,4,8
15277,2017,Fall,Reading,225,74,3,2
15289,2017,Fall,Reading,169,80,4,16
15291,2017,Fall,Reading,208,56,3,6
15300,2017,Fall,Reading,141,50,3,17
15301,2017,Fall,Reading,229,88,4,2
15306,2017,Fall,Reading,184,3,1,10
15308,2017,Fall,Reading,217,53,3,3
15312,2017,Fall,Reading,230,78,4,2
15315,2017,Fall,Reading,191,99,4,12
15338,2017,Fall,Reading,149,1,1,14
15340,2017,Fall,Reading,205,32,2,5
15352,2017,Fall,Reading,161,59,3,18
15364,2017,Fall,Reading,157,46,2,19
15373,2017,Fall,Reading,168,9,1,14
15395,2017,Fall,Reading,173,88,4,16
15406,2017,Fall,Reading,191,17,1,8
15424,2017,Fall,Reading,176,20,1,13
15450,2017,Fall,Reading,193,61,3,10
15544,2017,Fall,Reading,185,18,1,10
15559,2017,Fall,Reading,214,45,2,4
15575,2017,Fall,Reading,141,50,3,17
15580,2017,Fall,Reading,179,26,2,12
15591,2017,Fall,Reading,182,62,3,10
15601,2017,Fall,Reading,148,70,3,16
15613,2017,Fall,Reading,202,95,4,6
15616,2017,Fall,Reading,161,59,3,18
15620,2017,Fall,Reading,202,17,1,6
15621,2017,Fall,Reading,192,84,4,8
15657,2017,Fall,Reading,195,66,3,9
15697,2017,Fall,Reading,189,99,4,12
15735,2017,Fall,Reading,144,59,3,16
15741,2017,Fall,Reading,187,2,1,8
15750,2017,Fall,Reading,176,92,4,15
15803,2017,Fall,Reading,196,14,1,7
15831,2017,Fall,Reading,205,66,3,6
15835,2017,Fall,Reading,227,78,4,2
15913,2017,Fall,Reading,136,35,2,18
15922,2017,Fall,Reading,192,59,3,10
15944,2017,Fall,Reading,175,18,1,13
15945,2017,Fall,Reading,134,30,2,19
16002,2017,Fall,Reading,199,51,3,7
16015,2017,Fall,Reading,165,70,3,17
16022,2017,Fall,Reading,211,48,2,4
16039,2017,Fall,Reading,208,98,4,5
16049,2017,Fall,Reading,145,62,3,16
16050,2017,Fall,Reading,172,86,4,16
16067,2017,Fall,Reading,228,93,4,3
16075,2017,Fall,Reading,158,50,3,19
16079,2017,Fall,Reading,170,82,4,16
16104,2017,Fall,Reading,130,21,1,20
16120,2017,Fall,Reading,207,53,3,6
16134,2017,Fall,Reading,198,73,3,9
16150,2017,Fall,Reading,139,44,2,18
16158,2017,Fall,Reading,206,87,4,7
16161,2017,Fall,Reading,191,31,2,9
16171,2017,Fall,Reading,139,7,1,23
16197,2017,Fall,Reading,213,69,3,5
16223,2017,Fall,Reading,142,53,3,17
16229,2017,Fall,Reading,197,71,3,9
16231,2017,Fall,Reading,162,62,3,18
16237,2017,Fall,Reading,157,46,2,19
16241,2017,Fall,Reading,211,79,4,6
16242,2017,Fall,Reading,217,64,3,3
16256,2017,Fall,Reading,179,54,3,11
16257,2017,Fall,Reading,195,89,4,7
16264,2017,Fall,Reading,200,94,4,6
16275,2017,Fall,Reading,204,84,4,8
16292,2017,Fall,Reading,205,66,3,7
16297,2017,Fall,Reading,138,41,2,18
16300,2017,Fall,Reading,172,86,4,16
16328,2017,Fall,Reading,185,70,3,9
16346,2017,Fall,Reading,149,72,3,15
16363,2017,Fall,Reading,201,95,4,6
16374,2017,Fall,Reading,160,56,3,18
16405,2017,Fall,Reading,146,64,3,16
16456,2017,Fall,Reading,217,97,4,6
16475,2017,Fall,Reading,179,54,3,11
16479,2017,Fall,Reading,226,83,4,2
16503,2017,Fall,Reading,214,45,2,4
16528,2017,Fall,Reading,203,61,3,7
16566,2017,Fall,Reading,192,84,4,8
16569,2017,Fall,Reading,181,96,4,14
16580,2017,Fall,Reading,200,14,1,6
16592,2017,Fall,Reading,139,7,1,23
16595,2017,Fall,Reading,146,64,3,16
16605,2017,Fall,Reading,145,62,3,16
16611,2017,Fall,Reading,202,59,3,7
16643,2017,Fall,Reading,194,22,1,8
16645,2017,Fall,Reading,208,90,4,7
16649,2017,Fall,Reading,220,71,3,3
16654,2017,Fall,Reading,163,65,3,18
16666,2017,Fall,Reading,198,48,2,8
16681,2017,Fall,Reading,197,46,2,8
16723,2017,Fall,Reading,193,61,3,10
16729,2017,Fall,Reading,196,90,4,7
16750,2017,Fall,Reading,169,10,1,14
16757,2017,Fall,Reading,182,6,1,10
16775,2017,Fall,Reading,175,6,1,11
16803,2017,Fall,Reading,162,62,3,18
16820,2017,Fall,Reading,229,76,4,2
16824,2017,Fall,Reading,171,84,4,16
16825,2017,Fall,Reading,161,93,4,13
16836,2017,Fall,Reading,149,72,3,15
16837,2017,Fall,Reading,217,89,4,5
16848,2017,Fall,Reading,143,56,3,17
16870,2017,Fall,Reading,199,10,1,6
16871,2017,Fall,Reading,184,67,3,10
16877,2017,Fall,Reading,171,33,2,12
16878,2017,Fall,Reading,219,52,3,3
16892,2017,Fall,Reading,190,53,3,10
16895,2017,Fall,Reading,157,46,2,19
16901,2017,Fall,Reading,169,28,2,13
16933,2017,Fall,Reading,184,17,1,10
16945,2017,Fall,Reading,182,33,2,12
16950,2017,Fall,Reading,203,83,4,8
16980,2017,Fall,Reading,184,1,1,8
16981,2017,Fall,Reading,185,70,3,9
16986,2017,Fall,Reading,187,74,3,9
16990,2017,Fall,Reading,214,85,4,5
17001,2017,Fall,Reading,214,39,2,4
17066,2017,Fall,Reading,206,69,3,6
17085,2017,Fall,Reading,134,30,2,19
17092,2017,Fall,Reading,178,9,1,11
17104,2017,Fall,Reading,177,1,1,9
17107,2017,Fall,Reading,212,66,3,5
17133,2017,Fall,Reading,173,38,2,12
17143,2017,Fall,Reading,224,65,3,2
17164,2017,Fall,Reading,194,38,2,8
17171,2017,Fall,Reading,216,87,4,5
17172,2017,Fall,Reading,140,47,2,17
17189,2017,Fall,Reading,138,41,2,18
17196,2017,Fall,Reading,206,21,1,5
17212,2017,Fall,Reading,171,33,2,12
17232,2017,Fall,Reading,176,46,2,11
17253,2017,Fall,Reading,203,43,2,6
17254,2017,Fall,Reading,151,77,4,15
17262,2017,Fall,Reading,151,29,2,20
17286,2017,Fall,Reading,186,99,4,13
17296,2017,Fall,Reading,231,80,4,2
17298,2017,Fall,Reading,218,97,4,5
17332,2017,Fall,Reading,163,65,3,18
17345,2017,Fall,Reading,217,53,3,3
17353,2017,Fall,Reading,178,51,3,11
17371,2017,Fall,Reading,183,97,4,13
17375,2017,Fall,Reading,142,53,3,17
17380,2017,Fall,Reading,219,52,3,3
17381,2017,Fall,Reading,209,91,4,7
17388,2017,Fall,Reading,209,27,2,4
17405,2017,Fall,Reading,143,12,1,22
17410,2017,Fall,Reading,157,46,2,19
17422,2017,Fall,Reading,142,53,3,17
17423,2017,Fall,Reading,215,48,2,4
17482,2017,Fall,Reading,203,61,3,7
17490,2017,Fall,Reading,162,62,3,18
17492,2017,Fall,Reading,222,67,3,3
17517,2017,Fall,Reading,168,78,4,17
17519,2017,Fall,Reading,205,19,1,5
17521,2017,Fall,Reading,161,59,3,18
17539,2017,Fall,Reading,196,43,2,8
17543,2017,Fall,Reading,154,83,4,14
17552,2017,Fall,Reading,212,51,3,4
17569,2017,Fall,Reading,155,40,2,20
17573,2017,Fall,Reading,175,91,4,15
17593,2017,Fall,Reading,208,30,2,5
17594,2017,Fall,Reading,158,1,1,13
17662,2017,Fall,Reading,182,62,3,10
17676,2017,Fall,Reading,205,86,4,8
17678,2017,Fall,Reading,193,86,4,8
17682,2017,Fall,Reading,188,48,2,10
17692,2017,Fall,Reading,215,96,4,6
17706,2017,Fall,Reading,167,76,4,17
17729,2017,Fall,Reading,185,70,3,9
17736,2017,Fall,Reading,215,48,2,4
17738,2017,Fall,Reading,183,35,2,11
17748,2017,Fall,Reading,206,21,1,5
17751,2017,Fall,Reading,109,1,1,25
17770,2017,Fall,Reading,163,16,1,14
17787,2017,Fall,Reading,153,34,2,20
17800,2017,Fall,Reading,137,38,2,18
17831,2017,Fall,Reading,177,22,1,12
17843,2017,Fall,Reading,206,87,4,7
17845,2017,Fall,Reading,199,75,4,9
17870,2017,Fall,Reading,139,44,2,18
17875,2017,Fall,Reading,194,64,3,9
17896,2017,Fall,Reading,218,56,3,3
17903,2017,Fall,Reading,146,64,3,16
17907,2017,Fall,Reading,159,53,3,19
17935,2017,Fall,Reading,194,64,3,9
17937,2017,Fall,Reading,187,22,1,9
17966,2017,Fall,Reading,202,59,3,7
17970,2017,Fall,Reading,174,40,2,12
18021,2017,Fall,Reading,213,37,2,4
18048,2017,Fall,Reading,166,73,3,17
18063,2017,Fall,Reading,188,77,4,9
18067,2017,Fall,Reading,184,38,2,11
18074,2017,Fall,Reading,163,95,4,12
18076,2017,Fall,Reading,141,50,3,17
18084,2017,Fall,Reading,216,61,3,3
18085,2017,Fall,Reading,201,16,1,6
18086,2017,Fall,Reading,168,78,4,17
18087,2017,Fall,Reading,198,92,4,7
18088,2017,Fall,Reading,179,95,4,14
18109,2017,Fall,Reading,169,80,4,16
18156,2017,Fall,Reading,207,71,3,6
18165,2017,Fall,Reading,188,12,1,9
18170,2017,Fall,Reading,133,28,2,19
18174,2017,Fall,Reading,168,78,4,17
18212,2017,Fall,Reading,204,64,3,7
18225,2017,Fall,Reading,116,3,1,23
18234,2017,Fall,Reading,193,86,4,8
18240,2017,Fall,Reading,173,1,1,12
18249,2017,Fall,Reading,164,68,3,18
18256,2017,Fall,Reading,159,53,3,19
18275,2017,Fall,Reading,169,3,1,12
18280,2017,Fall,Reading,193,61,3,10
18312,2017,Fall,Reading,182,14,1,10
18364,2017,Fall,Reading,190,81,4,8
18389,2017,Fall,Reading,210,29,2,4
18397,2017,Fall,Reading,199,75,4,9
18431,2017,Fall,Reading,189,26,2,9
18440,2017,Fall,Reading,192,59,3,10
18465,2017,Fall,Reading,197,71,3,9
18469,2017,Fall,Reading,183,35,2,11
18488,2017,Fall,Reading,179,1,1,11
18499,2017,Fall,Reading,152,31,2,20
18508,2017,Fall,Reading,181,60,3,10
18550,2017,Fall,Reading,199,75,4,9
18557,2017,Fall,Reading,182,33,2,12
18573,2017,Fall,Reading,222,67,3,3
18574,2017,Fall,Reading,193,35,2,8
18601,2017,Fall,Reading,139,44,2,18
18623,2017,Fall,Reading,191,56,3,10
18627,2017,Fall,Reading,146,64,3,16
18644,2017,Fall,Reading,214,39,2,4
18651,2017,Fall,Reading,152,79,4,15
18653,2017,Fall,Reading,153,81,4,14
18691,2017,Fall,Reading,172,86,4,16
18730,2017,Fall,Reading,210,29,2,4
18754,2017,Fall,Reading,149,72,3,15
18766,2017,Fall,Reading,154,83,4,14
18779,2017,Fall,Reading,155,85,4,14
18791,2017,Fall,Reading,156,43,2,19
18796,2017,Fall,Reading,204,30,2,6
18800,2017,Fall,Reading,159,53,3,19
18812,2017,Fall,Reading,221,73,3,2
18814,2017,Fall,Reading,199,10,1,6
18819,2017,Fall,Reading,205,86,4,8
18822,2017,Fall,Reading,175,43,2,12
18837,2017,Fall,Reading,185,9,1,9
18841,2017,Fall,Reading,182,2,1,10
18857,2017,Fall,Reading,190,28,2,9
18904,2017,Fall,Reading,185,70,3,9
18958,2017,Fall,Reading,193,86,4,8
18960,2017,Fall,Reading,129,19,1,20
18998,2017,Fall,Reading,225,74,3,2
19003,2017,Fall,Reading,188,77,4,9
19016,2017,Fall,Reading,193,99,4,11
19017,2017,Fall,Reading,198,92,4,7
19028,2017,Fall,Reading,154,37,2,20
19036,2017,Fall,Reading,184,67,3,10
19037,2017,Fall,Reading,200,77,4,8
19048,2017,Fall,Reading,200,35,2,7
19052,2017,Fall,Reading,160,56,3,18
19058,2017,Fall,Reading,157,46,2,19
19065,2017,Fall,Reading,218,66,3,3
19071,2017,Fall,Reading,209,75,4,6
19080,2017,Fall,Reading,143,56,3,17
19085,2017,Fall,Reading,236,88,4,2
19094,2017,Fall,Reading,182,62,3,10
19113,2017,Fall,Reading,219,59,3,3
19118,2017,Fall,Reading,219,69,3,3
19122,2017,Fall,Reading,212,40,2,4
19127,2017,Fall,Reading,175,91,4,15
19133,2017,Fall,Reading,212,34,2,4
19176,2017,Fall,Reading,199,51,3,7
19183,2017,Fall,Reading,172,86,4,16
19188,2017,Fall,Reading,170,30,2,13
19190,2017,Fall,Reading,191,56,3,10
19212,2017,Fall,Reading,152,4,1,16
19219,2017,Fall,Reading,148,70,3,16
19223,2017,Fall,Reading,178,51,3,11
19259,2017,Fall,Reading,171,33,2,12
19277,2017,Fall,Reading,174,40,2,12
19283,2017,Fall,Reading,190,99,4,12
19323,2017,Fall,Reading,188,48,2,10
19358,2017,Fall,Reading,179,1,1,9
19370,2017,Fall,Reading,169,80,4,16
19375,2017,Fall,Reading,182,97,4,14
19382,2017,Fall,Reading,203,16,1,5
19396,2017,Fall,Reading,154,37,2,20
19399,2017,Fall,Reading,133,28,2,19
19420,2017,Fall,Reading,215,86,4,5
19448,2017,Fall,Reading,181,96,4,14
19451,2017,Fall,Reading,199,93,4,7
19463,2017,Fall,Reading,172,86,4,16
19525,2017,Fall,Reading,212,34,2,4
19527,2017,Fall,Reading,175,1,1,10
19535,2017,Fall,Reading,184,99,4,7
19547,2017,Fall,Reading,216,75,4,5
19566,2017,Fall,Reading,162,62,3,18
19571,2017,Fall,Reading,176,46,2,11
19582,2017,Fall,Reading,205,86,4,8
19599,2017,Fall,Reading,154,37,2,20
19602,2017,Fall,Reading,146,64,3,16
19614,2017,Fall,Reading,174,17,1,13
19624,2017,Fall,Reading,157,46,2,19
19636,2017,Fall,Reading,207,53,3,6
19644,2017,Fall,Reading,223,69,3,2
19694,2017,Fall,Reading,193,35,2,8
19702,2017,Fall,Reading,157,1,1,15
19746,2017,Fall,Reading,192,18,1,8
19776,2017,Fall,Reading,139,44,2,18
19809,2017,Fall,Reading,165,19,1,14
19816,2017,Fall,Reading,205,86,4,8
19818,2017,Fall,Reading,158,2,1,16
19851,2017,Fall,Reading,142,53,3,17
19856,2017,Fall,Reading,220,55,3,3
19865,2017,Fall,Reading,194,22,1,8
19869,2017,Fall,Reading,191,31,2,9
19885,2017,Fall,Reading,240,93,4,2
19889,2017,Fall,Reading,221,73,3,2
19893,2017,Fall,Reading,176,92,4,15
19895,2017,Fall,Reading,215,48,2,4
19900,2017,Fall,Reading,148,21,1,21
19928,2017,Fall,Reading,203,16,1,5
19939,2017,Fall,Reading,192,59,3,10
19944,2017,Fall,Reading,198,31,2,7
19945,2017,Fall,Reading,163,1,1,12
19967,2017,Fall,Reading,205,19,1,5
19971,2017,Fall,Reading,184,38,2,11
19989,2017,Fall,Reading,183,1,1,8
19990,2017,Fall,Reading,153,4,1,16
20027,2017,Fall,Reading,230,95,4,3
20038,2017,Fall,Reading,183,35,2,11
20048,2017,Fall,Reading,167,76,4,17
20095,2017,Fall,Reading,202,81,4,8
20098,2017,Fall,Reading,195,89,4,7
20111,2017,Fall,Reading,203,61,3,7
20131,2017,Fall,Reading,171,12,1,13
20144,2017,Fall,Reading,138,41,2,18
20150,2017,Fall,Reading,203,16,1,5
20168,2017,Fall,Reading,185,9,1,9
20187,2017,Fall,Reading,147,67,3,16
20195,2017,Fall,Reading,237,89,4,2
20233,2017,Fall,Reading,187,74,3,9
20244,2017,Fall,Reading,172,86,4,16
20265,2017,Fall,Reading,198,48,2,8
20287,2017,Fall,Reading,177,22,1,12
20293,2017,Fall,Reading,205,66,3,6
20319,2017,Fall,Reading,187,74,3,9
20325,2017,Fall,Reading,188,48,2,10
20374,2017,Fall,Reading,222,60,3,2
20378,2017,Fall,Reading,221,98,4,5
20383,2017,Fall,Reading,152,32,2,20
20384,2017,Fall,Reading,190,53,3,10
20388,2017,Fall,Reading,179,54,3,11
20419,2017,Fall,Reading,221,84,4,4
20430,2017,Fall,Reading,206,51,3,6
20434,2017,Fall,Reading,204,84,4,8
20442,2017,Fall,Reading,138,41,2,18
20496,2017,Fall,Reading,195,6,1,6
20518,2017,Fall,Reading,193,86,4,8
20532,2017,Fall,Reading,142,53,3,17
20538,2017,Fall,Reading,176,92,4,15
20554,2017,Fall,Reading,197,8,1,6
20558,2017,Fall,Reading,183,35,2,11
20575,2017,Fall,Reading,150,75,4,15
20634,2017,Fall,Reading,206,35,2,5
20680,2017,Fall,Reading,170,82,4,16
20682,2017,Fall,Reading,206,35,2,5
20756,2017,Fall,Reading,142,53,3,17
20758,2017,Fall,Reading,202,81,4,8
20765,2017,Fall,Reading,147,19,1,21
20788,2017,Fall,Reading,152,79,4,15
20790,2017,Fall,Reading,200,94,4,6
20793,2017,Fall,Reading,223,87,4,4
20804,2017,Fall,Reading,201,16,1,6
20811,2017,Fall,Reading,201,79,4,8
20821,2017,Fall,Reading,210,35,2,5
20849,2017,Fall,Reading,161,59,3,18
20850,2017,Fall,Reading,156,43,2,19
20851,2017,Fall,Reading,170,98,4,11
20853,2017,Fall,Reading,217,97,4,6
20950,2017,Fall,Reading,206,69,3,6
20951,2017,Fall,Reading,194,64,3,9
20963,2017,Fall,Reading,208,30,2,5
21004,2017,Fall,Reading,219,52,3,3
21029,2017,Fall,Reading,142,53,3,17
21030,2017,Fall,Reading,200,54,3,7
21032,2017,Fall,Reading,186,43,2,11
21037,2017,Fall,Reading,183,35,2,11
21069,2017,Fall,Reading,205,48,2,6
21109,2017,Fall,Reading,187,22,1,9
21126,2017,Fall,Reading,144,59,3,16
21147,2017,Fall,Reading,190,7,1,8
21159,2017,Fall,Reading,212,51,3,4
21160,2017,Fall,Reading,204,97,4,6
21184,2017,Fall,Reading,187,74,3,9
21213,2017,Fall,Reading,171,33,2,12
21223,2017,Fall,Reading,160,56,3,18
21224,2017,Fall,Reading,165,19,1,14
21236,2017,Fall,Reading,152,79,4,15
21248,2017,Fall,Reading,120,6,1,22
21255,2017,Fall,Reading,173,88,4,16
21294,2017,Fall,Reading,144,59,3,16
21325,2017,Fall,Reading,221,84,4,4
21330,2017,Fall,Reading,209,99,4,5
21344,2017,Fall,Reading,160,92,4,13
21354,2017,Fall,Reading,182,2,1,10
21360,2017,Fall,Reading,171,33,2,12
21393,2017,Fall,Reading,227,78,4,2
21402,2017,Fall,Reading,198,92,4,7
21467,2017,Fall,Reading,215,99,4,3
21468,2017,Fall,Reading,212,34,2,4
21478,2017,Fall,Reading,175,18,1,13
21480,2017,Fall,Reading,206,87,4,8
21484,2017,Fall,Reading,172,1,1,10
21508,2017,Fall,Reading,141,50,3,17
21550,2017,Fall,Reading,209,59,3,6
21569,2017,Fall,Reading,173,88,4,16
21586,2017,Fall,Reading,118,4,1,22
21616,2017,Fall,Reading,168,26,2,13
21621,2017,Fall,Reading,204,64,3,7
21634,2017,Fall,Reading,222,76,4,2
21676,2017,Fall,Reading,184,8,1,9
21682,2017,Fall,Reading,210,30,2,4
21699,2017,Fall,Reading,174,17,1,13
21714,2017,Fall,Reading,146,64,3,16
21719,2017,Fall,Reading,137,38,2,18
21748,2017,Fall,Reading,133,28,2,19
21752,2017,Fall,Reading,163,65,3,18
21757,2017,Fall,Reading,134,30,2,19
21761,2017,Fall,Reading,138,41,2,18
21784,2017,Fall,Reading,187,11,1,9
21805,2017,Fall,Reading,167,76,4,17
21826,2017,Fall,Reading,183,3,1,10
21829,2017,Fall,Reading,122,8,1,21
21862,2017,Fall,Reading,193,61,3,10
21893,2017,Fall,Reading,211,64,3,5
21903,2017,Fall,Reading,200,94,4,6
21938,2017,Fall,Reading,187,99,4,12
21940,2017,Fall,Reading,177,22,1,12
21946,2017,Fall,Reading,194,87,4,8
21976,2017,Fall,Reading,198,92,4,7
21981,2017,Fall,Reading,213,69,3,5
21988,2017,Fall,Reading,169,28,2,13
22001,2017,Fall,Reading,129,19,1,20
22002,2017,Fall,Reading,130,21,1,20
22010,2017,Fall,Reading,145,62,3,16
22018,2017,Fall,Reading,140,47,2,17
22027,2017,Fall,Reading,196,68,3,9
22029,2017,Fall,Reading,224,65,3,2
22033,2017,Fall,Reading,201,95,4,6
22035,2017,Fall,Reading,205,86,4,8
22073,2017,Fall,Reading,208,25,2,4
22100,2017,Fall,Reading,218,90,4,4
22117,2017,Fall,Reading,233,93,4,2
22120,2017,Fall,Reading,219,52,3,3
22162,2017,Fall,Reading,194,38,2,8
22186,2017,Fall,Reading,220,55,3,3
22206,2017,Fall,Reading,140,47,2,17
22210,2017,Fall,Reading,175,43,2,11
22241,2017,Fall,Reading,182,6,1,9
22251,2017,Fall,Reading,216,87,4,5
22255,2017,Fall,Reading,159,53,3,19
22262,2017,Fall,Reading,171,84,4,16
22263,2017,Fall,Reading,123,9,1,21
22281,2017,Fall,Reading,192,18,1,8
22284,2017,Fall,Reading,207,28,2,5
22295,2017,Fall,Reading,168,9,1,14
22300,2017,Fall,Reading,140,47,2,17
22312,2017,Fall,Reading,188,24,1,9
22318,2017,Fall,Reading,171,12,1,13
22326,2017,Fall,Reading,165,70,3,17
22331,2017,Fall,Reading,163,65,3,18
22335,2017,Fall,Reading,164,68,3,18
22337,2017,Fall,Reading,217,89,4,5
22341,2017,Fall,Reading,143,56,3,17
22343,2017,Fall,Reading,170,82,4,16
22430,2017,Fall,Reading,220,92,4,4
22431,2017,Fall,Reading,162,62,3,18
22435,2017,Fall,Reading,189,79,4,9
22438,2017,Fall,Reading,189,51,3,10
22452,2017,Fall,Reading,206,69,3,6
22469,2017,Fall,Reading,207,89,4,7
22508,2017,Fall,Reading,191,82,4,8
22547,2017,Fall,Reading,193,35,2,8
22560,2017,Fall,Reading,175,18,1,13
22562,2017,Fall,Reading,193,20,1,8
22582,2017,Fall,Reading,209,59,3,6
22598,2017,Fall,Reading,175,91,4,15
22600,2017,Fall,Reading,214,95,4,6
22604,2017,Fall,Reading,226,91,4,3
22609,2017,Fall,Reading,146,64,3,16
22618,2017,Fall,Reading,153,34,2,20
22620,2017,Fall,Reading,204,46,2,6
22630,2017,Fall,Reading,197,16,1,7
22641,2017,Fall,Reading,142,53,3,17
22652,2017,Fall,Reading,140,47,2,17
22666,2017,Fall,Reading,199,75,4,9
22671,2017,Fall,Reading,225,74,3,2
22727,2017,Fall,Reading,164,5,1,15
22734,2017,Fall,Reading,164,68,3,18
22744,2017,Fall,Reading,198,48,2,8
22746,2017,Fall,Reading,198,73,3,9
22771,2017,Fall,Reading,178,24,1,12
22775,2017,Fall,Reading,185,98,4,13
22792,2017,Fall,Reading,137,38,2,18
22794,2017,Fall,Reading,197,46,2,8
22796,2017,Fall,Reading,225,67,3,2
22801,2017,Fall,Reading,199,51,3,7
22820,2017,Fall,Reading,178,94,4,14
22829,2017,Fall,Reading,199,51,3,7
22847,2017,Fall,Reading,179,54,3,11
22901,2017,Fall,Reading,212,94,4,6
22938,2017,Fall,Reading,162,62,3,18
22946,2017,Fall,Reading,197,8,1,6
23000,2017,Fall,Reading,130,21,1,20
23020,2017,Fall,Reading,187,22,1,9
23027,2017,Fall,Reading,174,89,4,15
23029,2017,Fall,Reading,173,1,1,11
23043,2017,Fall,Reading,161,3,1,15
23051,2017,Fall,Reading,182,33,2,12
23054,2017,Fall,Reading,165,19,1,14
23057,2017,Fall,Reading,135,33,2,18
23101,2017,Fall,Reading,179,54,3,11
23161,2017,Fall,Reading,147,19,1,21
23167,2017,Fall,Reading,218,50,3,3
23183,2017,Fall,Reading,204,84,4,8
23193,2017,Fall,Reading,140,47,2,17
23210,2017,Fall,Reading,221,57,3,2
23212,2017,Fall,Reading,196,26,2,7
23241,2017,Fall,Reading,124,10,1,21
23251,2017,Fall,Reading,217,47,2,3
23299,2017,Fall,Reading,202,59,3,7
23330,2017,Fall,Reading,190,53,3,10
23345,2017,Fall,Reading,207,37,2,5
23385,2017,Fall,Reading,192,59,3,10
23396,2017,Fall,Reading,134,30,2,19
23399,2017,Fall,Reading,121,7,1,22
23404,2017,Fall,Reading,204,64,3,7
23405,2017,Fall,Reading,161,13,1,14
23424,2017,Fall,Reading,164,68,3,18
23561,2017,Fall,Reading,189,51,3,10
23564,2017,Fall,Reading,222,67,3,3
23574,2017,Fall,Reading,214,85,4,5
23579,2017,Fall,Reading,186,98,4,12
23584,2017,Fall,Reading,171,84,4,16
23597,2017,Fall,Reading,201,95,4,6
23610,2017,Fall,Reading,202,99,4,9
23617,2017,Fall,Reading,213,83,4,5
23651,2017,Fall,Reading,151,29,2,20
23653,2017,Fall,Reading,197,71,3,9
23674,2017,Fall,Reading,182,62,3,10
23700,2017,Fall,Reading,186,43,2,11
23703,2017,Fall,Reading,224,71,3,2
23709,2017,Fall,Reading,142,53,3,17
23769,2017,Fall,Reading,162,62,3,18
23831,2017,Fall,Reading,191,82,4,8
23853,2017,Fall,Reading,146,64,3,16
23884,2017,Fall,Reading,139,44,2,18
23919,2017,Fall,Reading,157,8,1,15
23923,2017,Fall,Reading,175,1,1,9
23964,2017,Fall,Reading,188,3,1,8
23967,2017,Fall,Reading,119,5,1,22
23971,2017,Fall,Reading,156,43,2,19
23975,2017,Fall,Reading,200,54,3,7
23999,2017,Fall,Reading,188,48,2,10
24000,2017,Fall,Reading,216,61,3,3
24028,2017,Fall,Reading,172,35,2,12
24047,2017,Fall,Reading,150,75,4,15
24068,2017,Fall,Reading,193,86,4,8
24069,2017,Fall,Reading,151,77,4,15
24070,2017,Fall,Reading,115,3,1,23
24071,2017,Fall,Reading,149,72,3,15
24079,2017,Fall,Reading,197,91,4,7
24088,2017,Fall,Reading,213,83,4,5
24109,2017,Fall,Reading,210,35,2,5
24111,2017,Fall,Reading,207,23,1,5
24112,2017,Fall,Reading,210,77,4,6
24139,2017,Fall,Reading,189,79,4,9
24192,2017,Fall,Reading,216,88,4,5
24226,2017,Fall,Reading,192,59,3,10
24237,2017,Fall,Reading,204,84,4,8
24301,2017,Fall,Reading,136,35,2,18
24307,2017,Fall,Reading,182,62,3,10
24312,2017,Fall,Reading,163,65,3,18
24339,2017,Fall,Reading,226,76,4,2
24349,2017,Fall,Reading,205,32,2,5
24371,2017,Fall,Reading,134,30,2,19
24389,2017,Fall,Reading,171,33,2,12
24405,2017,Fall,Reading,197,16,1,7
24407,2017,Fall,Reading,207,98,4,5
24408,2017,Fall,Reading,221,73,3,2
24409,2017,Fall,Reading,201,79,4,8
24430,2017,Fall,Reading,211,79,4,6
24470,2017,Fall,Reading,187,74,3,9
24535,2017,Fall,Reading,209,59,3,6
24547,2017,Fall,Reading,174,89,4,15
24619,2017,Fall,Reading,216,88,4,5
24621,2017,Fall,Reading,183,97,4,13
24635,2017,Fall,Reading,149,72,3,15
24638,2017,Fall,Reading,220,92,4,4
24726,2017,Fall,Reading,163,65,3,18
24730,2017,Fall,Reading,137,38,2,18
24739,2017,Fall,Reading,232,82,4,2
24766,2017,Fall,Reading,164,68,3,18
24768,2017,Fall,Reading,175,18,1,13
24782,2017,Fall,Reading,126,13,1,20
24783,2017,Fall,Reading,203,19,1,6
24788,2017,Fall,Reading,206,87,4,7
24797,2017,Fall,Reading,216,88,4,5
24826,2017,Fall,Reading,173,1,1,12
24837,2017,Fall,Reading,192,9,1,8
24852,2017,Fall,Reading,200,12,1,6
24863,2017,Fall,Reading,203,16,1,5
24891,2017,Fall,Reading,174,40,2,12
24912,2017,Fall,Reading,149,24,1,21
24926,2017,Fall,Reading,175,91,4,15
24974,2017,Fall,Reading,178,24,1,12
24975,2017,Fall,Reading,166,21,1,13
24985,2017,Fall,Reading,129,19,1,20
24989,2017,Fall,Reading,186,43,2,11
24998,2017,Fall,Reading,158,50,3,19
25018,2017,Fall,Reading,201,95,4,6
25042,2017,Fall,Reading,226,99,4,4
25103,2017,Fall,Reading,191,56,3,10
25124,2017,Fall,Reading,144,59,3,16
25129,2017,Fall,Reading,188,24,1,9
25136,2017,Fall,Reading,153,81,4,14
25143,2017,Fall,Reading,163,16,1,14
25150,2017,Fall,Reading,162,4,1,15
25157,2017,Fall,Reading,172,86,4,16
25183,2017,Fall,Reading,176,46,2,11
25191,2017,Fall,Reading,211,48,2,4
25203,2017,Fall,Reading,216,51,3,4
25208,2017,Fall,Reading,166,7,1,14
25209,2017,Fall,Reading,169,28,2,13
25212,2017,Fall,Reading,190,99,4,12
25234,2017,Fall,Reading,155,40,2,20
25249,2017,Fall,Reading,207,28,2,5
25251,2017,Fall,Reading,209,91,4,7
25286,2017,Fall,Reading,177,49,2,11
25299,2017,Fall,Reading,177,49,2,11
25319,2017,Fall,Reading,198,92,4,7
25335,2017,Fall,Reading,209,91,4,7
25356,2017,Fall,Reading,199,75,4,9
25357,2017,Fall,Reading,202,59,3,7
25359,2017,Fall,Reading,177,49,2,11
25361,2017,Fall,Reading,208,25,2,4
25367,2017,Fall,Reading,193,61,3,10
25368,2017,Fall,Reading,123,9,1,21
25407,2017,Fall,Reading,222,86,4,4
25417,2017,Fall,Reading,189,51,3,10
25426,2017,Fall,Reading,149,72,3,15
25452,2017,Fall,Reading,183,97,4,13
25471,2017,Fall,Reading,211,93,4,7
25473,2017,Fall,Reading,229,88,4,2
25489,2017,Fall,Reading,207,23,1,5
25507,2017,Fall,Reading,176,46,2,11
25509,2017,Fall,Reading,173,88,4,16
25521,2017,Fall,Reading,204,21,1,5
25528,2017,Fall,Reading,188,12,1,9
25530,2017,Fall,Reading,165,70,3,17
25541,2017,Fall,Reading,139,44,2,18
25566,2017,Fall,Reading,151,77,4,15
25584,2017,Fall,Reading,199,75,4,9
25622,2017,Fall,Reading,149,72,3,15
25624,2017,Fall,Reading,184,8,1,9
25627,2017,Fall,Reading,160,92,4,13
25632,2017,Fall,Reading,195,24,1,8
25639,2017,Fall,Reading,195,41,2,8
25649,2017,Fall,Reading,153,34,2,20
25653,2017,Fall,Reading,159,53,3,19
25658,2017,Fall,Reading,149,72,3,15
25662,2017,Fall,Reading,145,62,3,16
25672,2017,Fall,Reading,144,13,1,22
25709,2017,Fall,Reading,232,87,4,2
25717,2017,Fall,Reading,147,67,3,16
25730,2017,Fall,Reading,186,72,3,9
25736,2017,Fall,Reading,178,3,1,10
25765,2017,Fall,Reading,204,30,2,6
25769,2017,Fall,Reading,177,8,1,11
25785,2017,Fall,Reading,175,43,2,11
25788,2017,Fall,Reading,221,57,3,2
25804,2017,Fall,Reading,206,21,1,5
25813,2017,Fall,Reading,151,29,2,20
25826,2017,Fall,Reading,153,34,2,20
25830,2017,Fall,Reading,192,33,2,9
25839,2017,Fall,Reading,213,43,2,4
25900,2017,Fall,Reading,196,43,2,8
25930,2017,Fall,Reading,145,62,3,16
25931,2017,Fall,Reading,136,35,2,18
25961,2017,Fall,Reading,194,64,3,9
25972,2017,Fall,Reading,198,9,1,6
25973,2017,Fall,Reading,198,31,2,7
25983,2017,Fall,Reading,186,72,3,9
25987,2017,Fall,Reading,202,17,1,6
25999,2017,Fall,Reading,193,5,1,7
26039,2017,Fall,Reading,216,75,4,5
26041,2017,Fall,Reading,159,53,3,19
26046,2017,Fall,Reading,202,40,2,7
26074,2017,Fall,Reading,221,64,3,3
26088,2017,Fall,Reading,150,75,4,15
26092,2017,Fall,Reading,182,33,2,12
26098,2017,Fall,Reading,192,59,3,10
26110,2017,Fall,Reading,193,86,4,8
26117,2017,Fall,Reading,217,47,2,3
26125,2017,Fall,Reading,186,72,3,9
26150,2017,Fall,Reading,143,56,3,17
26158,2017,Fall,Reading,184,67,3,10
26163,2017,Fall,Reading,222,76,4,2
26169,2017,Fall,Reading,175,43,2,11
26181,2017,Fall,Reading,226,91,4,3
26182,2017,Fall,Reading,164,68,3,18
26199,2017,Fall,Reading,165,70,3,17
26218,2017,Fall,Reading,174,17,1,13
26249,2017,Fall,Reading,194,64,3,9
26258,2017,Fall,Reading,212,99,4,3
26269,2017,Fall,Reading,136,35,2,18
26333,2017,Fall,Reading,142,10,1,23
26337,2017,Fall,Reading,196,90,4,7
26342,2017,Fall,Reading,217,64,3,3
26351,2017,Fall,Reading,131,23,1,19
26357,2017,Fall,Reading,205,66,3,7
26368,2017,Fall,Reading,159,53,3,19
26409,2017,Fall,Reading,144,13,1,22
26422,2017,Fall,Reading,212,66,3,5
26468,2017,Fall,Reading,175,91,4,15
26479,2017,Fall,Reading,180,28,2,12
26483,2017,Fall,Reading,192,33,2,9
26519,2017,Fall,Reading,174,40,2,12
26541,2017,Fall,Reading,209,59,3,6
26544,2017,Fall,Reading,209,75,4,6
26568,2017,Fall,Reading,203,83,4,8
26586,2017,Fall,Reading,192,59,3,10
26619,2017,Fall,Reading,200,77,4,8
26626,2017,Fall,Reading,151,29,2,20
26629,2017,Fall,Reading,104,1,1,27
26645,2017,Fall,Reading,177,49,2,11
26668,2017,Fall,Reading,161,13,1,14
26673,2017,Fall,Reading,197,71,3,9
26705,2017,Fall,Reading,137,38,2,18
26710,2017,Fall,Reading,179,95,4,14
26727,2017,Fall,Reading,200,94,4,6
26740,2017,Fall,Reading,180,57,3,10
26780,2017,Fall,Reading,180,57,3,10
26808,2017,Fall,Reading,179,4,1,10
26827,2017,Fall,Reading,211,48,2,4
26850,2017,Fall,Reading,206,69,3,6
26852,2017,Fall,Reading,200,21,1,6
26863,2017,Fall,Reading,141,50,3,17
26927,2017,Fall,Reading,174,89,4,15
26962,2017,Fall,Reading,188,99,4,12
26997,2017,Fall,Reading,197,71,3,9
27019,2017,Fall,Reading,203,83,4,8
27020,2017,Fall,Reading,210,99,4,4
27022,2017,Fall,Reading,163,16,1,14
27026,2017,Fall,Reading,144,59,3,16
27047,2017,Fall,Reading,188,2,1,7
27075,2017,Fall,Reading,210,45,2,4
27087,2017,Fall,Reading,187,74,3,9
27088,2017,Fall,Reading,179,26,2,12
27115,2017,Fall,Reading,175,43,2,12
27126,2017,Fall,Reading,202,59,3,7
27137,2017,Fall,Reading,173,38,2,12
27166,2017,Fall,Reading,202,59,3,7
27179,2017,Fall,Reading,181,31,2,12
27184,2017,Fall,Reading,164,68,3,18
27271,2017,Fall,Reading,193,10,1,8
27275,2017,Fall,Reading,189,79,4,9
27313,2017,Fall,Reading,206,51,3,6
27319,2017,Fall,Reading,169,10,1,14
27327,2017,Fall,Reading,186,72,3,9
27337,2017,Fall,Reading,204,64,3,7
27355,2017,Fall,Reading,204,84,4,8
27368,2017,Fall,Reading,185,40,2,11
27392,2017,Fall,Reading,180,28,2,12
27413,2017,Fall,Reading,209,42,2,5
27446,2017,Fall,Reading,219,98,4,5
27468,2017,Fall,Reading,137,38,2,18
27473,2017,Fall,Reading,189,26,2,9
27476,2017,Fall,Reading,174,89,4,15
27488,2017,Fall,Reading,176,46,2,11
27507,2017,Fall,Reading,196,68,3,9
27523,2017,Fall,Reading,181,1,1,8
27524,2017,Fall,Reading,171,33,2,12
27527,2017,Fall,Reading,206,21,1,5
27548,2017,Fall,Reading,189,99,4,12
27556,2017,Fall,Reading,139,44,2,18
27602,2017,Fall,Reading,176,46,2,11
27609,2017,Fall,Reading,161,3,1,15
27620,2017,Fall,Reading,182,62,3,10
27641,2017,Fall,Reading,191,8,1,8
27651,2017,Fall,Reading,186,2,1,8
27658,2017,Fall,Reading,214,39,2,4
27663,2017,Fall,Reading,214,95,4,6
27701,2017,Fall,Reading,207,89,4,7
27712,2017,Fall,Reading,211,37,2,4
27715,2017,Fall,Reading,173,88,4,16
27716,2017,Fall,Reading,203,96,4,6
27761,2017,Fall,Reading,169,28,2,13
27766,2017,Fall,Reading,193,6,1,7
27776,2017,Fall,Reading,189,79,4,9
27785,2017,Fall,Reading,188,48,2,10
27808,2017,Fall,Reading,143,12,1,22
27821,2017,Fall,Reading,141,50,3,17
27830,2017,Fall,Reading,186,43,2,11
27878,2017,Fall,Reading,160,56,3,18
27894,2017,Fall,Reading,146,64,3,16
27897,2017,Fall,Reading,149,72,3,15
27945,2017,Fall,Reading,155,40,2,20
27964,2017,Fall,Reading,197,8,1,6
27968,2017,Fall,Reading,212,94,4,6
27970,2017,Fall,Reading,165,70,3,17
27971,2017,Fall,Reading,215,42,2,3
27978,2017,Fall,Reading,223,69,3,2
27979,2017,Fall,Reading,164,68,3,18
27980,2017,Fall,Reading,128,17,1,20
28001,2017,Fall,Reading,183,35,2,11
28015,2017,Fall,Reading,176,46,2,11
28022,2017,Fall,Reading,201,79,4,8
28058,2017,Fall,Reading,177,93,4,15
28081,2017,Fall,Reading,193,61,3,10
28084,2017,Fall,Reading,182,33,2,12
28086,2017,Fall,Reading,160,56,3,18
28129,2017,Fall,Reading,211,93,4,7
28203,2017,Fall,Reading,168,78,4,17
28217,2017,Fall,Reading,182,97,4,14
28254,2017,Fall,Reading,214,71,3,5
28281,2017,Fall,Reading,131,23,1,19
28337,2017,Fall,Reading,214,95,4,6
28342,2017,Fall,Reading,196,43,2,8
28352,2017,Fall,Reading,190,53,3,10
28367,2017,Fall,Reading,177,1,1,11
28368,2017,Fall,Reading,193,6,1,7
28371,2017,Fall,Reading,147,67,3,16
28386,2017,Fall,Reading,193,86,4,8
28426,2017,Fall,Reading,199,93,4,7
28467,2017,Fall,Reading,155,40,2,20
28485,2017,Fall,Reading,191,99,4,12
28519,2017,Fall,Reading,196,43,2,8
28538,2017,Fall,Reading,185,70,3,9
28553,2017,Fall,Reading,193,61,3,10
28667,2017,Fall,Reading,180,28,2,12
28685,2017,Fall,Reading,188,5,1,9
28688,2017,Fall,Reading,218,56,3,3
28697,2017,Fall,Reading,200,94,4,6
28751,2017,Fall,Reading,180,57,3,10
28755,2017,Fall,Reading,191,82,4,8
28764,2017,Fall,Reading,210,92,4,7
28770,2017,Fall,Reading,169,28,2,13
28804,2017,Fall,Reading,229,76,4,2
28834,2017,Fall,Reading,206,21,1,5
28875,2017,Fall,Reading,144,59,3,16
28878,2017,Fall,Reading,184,67,3,10
28939,2017,Fall,Reading,171,84,4,16
28945,2017,Fall,Reading,165,70,3,17
28956,2017,Fall,Reading,205,86,4,8
28958,2017,Fall,Reading,187,22,1,9
28979,2017,Fall,Reading,143,56,3,17
28983,2017,Fall,Reading,196,68,3,9
28986,2017,Fall,Reading,211,32,2,4
28992,2017,Fall,Reading,198,48,2,8
28997,2017,Fall,Reading,198,9,1,6
29002,2017,Fall,Reading,215,42,2,3
29015,2017,Fall,Reading,145,62,3,16
29019,2017,Fall,Reading,188,48,2,10
29035,2017,Fall,Reading,197,91,4,7
29036,2017,Fall,Reading,181,60,3,10
29046,2017,Fall,Reading,169,80,4,16
29049,2017,Fall,Reading,194,87,4,8
29073,2017,Fall,Reading,195,99,4,11
29077,2017,Fall,Reading,168,1,1,13
29094,2017,Fall,Reading,139,44,2,18
29109,2017,Fall,Reading,158,50,3,19
29130,2017,Fall,Reading,196,68,3,9
29131,2017,Fall,Reading,161,59,3,18
29136,2017,Fall,Reading,211,32,2,4
29147,2017,Fall,Reading,180,28,2,12
29152,2017,Fall,Reading,171,84,4,16
29168,2017,Fall,Reading,122,8,1,21
29176,2017,Fall,Reading,197,91,4,7
29184,2017,Fall,Reading,149,72,3,15
29188,2017,Fall,Reading,212,66,3,5
29194,2017,Fall,Reading,192,33,2,9
29197,2017,Fall,Reading,211,64,3,5
29199,2017,Fall,Reading,202,14,1,5
29206,2017,Fall,Reading,174,40,2,12
29220,2017,Fall,Reading,190,81,4,8
29244,2017,Fall,Reading,186,43,2,11
29268,2017,Fall,Reading,179,26,2,12
29286,2017,Fall,Reading,186,2,1,8
29297,2017,Fall,Reading,212,34,2,4
29327,2017,Fall,Reading,168,78,4,17
29346,2017,Fall,Reading,203,61,3,7
29367,2017,Fall,Reading,161,59,3,18
29410,2017,Fall,Reading,209,32,2,5
29435,2017,Fall,Reading,195,8,1,7
29456,2017,Fall,Reading,171,12,1,13
29463,2017,Fall,Reading,143,56,3,17
29568,2017,Fall,Reading,169,98,4,11
29571,2017,Fall,Reading,210,30,2,4
29585,2017,Fall,Reading,180,28,2,12
29592,2017,Fall,Reading,136,35,2,18
29619,2017,Fall,Reading,179,1,1,9
29620,2017,Fall,Reading,202,59,3,7
29629,2017,Fall,Reading,182,62,3,10
29630,2017,Fall,Reading,131,23,1,19
29639,2017,Fall,Reading,199,75,4,9
29664,2017,Fall,Reading,137,38,2,18
29665,2017,Fall,Reading,198,31,2,7
29671,2017,Fall,Reading,213,83,4,5
29684,2017,Fall,Reading,143,56,3,17
29686,2017,Fall,Reading,211,93,4,7
29695,2017,Fall,Reading,223,69,3,2
29703,2017,Fall,Reading,203,28,2,6
29720,2017,Fall,Reading,187,46,2,11
29761,2017,Fall,Reading,206,69,3,6
29773,2017,Fall,Reading,196,90,4,7
29774,2017,Fall,Reading,185,40,2,11
29776,2017,Fall,Reading,189,79,4,9
29827,2017,Fall,Reading,171,12,1,13
29831,2017,Fall,Reading,160,92,4,13
29906,2017,Fall,Reading,138,41,2,18
29930,2017,Fall,Reading,208,73,3,6
29938,2017,Fall,Reading,212,81,4,5
29945,2017,Fall,Reading,202,81,4,8
29949,2017,Fall,Reading,198,18,1,7
29996,2017,Fall,Reading,147,67,3,16
